question	answer	answer_number	equation_solution
問題：ロジャーは5個のテニスボールがあります。テニスボールの缶を2つ追加で買います。それぞれの缶には3つのテニスボールが入っています。彼は今いくつのテニスボールがありますか？	ステップごとの答え：ロジャーは最初5個のボールがありました。テニスボール3個入りの缶が2つあれば、テニスボールは6個あります。5+6=11。答えは11です。	11	5 + 6 = 11.
問題：サーバールームには9台のコンピューターがありました。月曜日から木曜日まで毎日5台のコンピューターをインストールしました。今サーバールームには難題のコンピューターがありますか？	ステップごとの答え：月曜から木曜まで4日あります。毎日5台のコンピューターが追加されます。つまり、全部で4*5=20台のコンピューターが追加されました。最初に9台のコンピューターがあったので、今は9+20=29台のコンピューターとなります。答えは29です。	29	4 * 5 = 20. 9 + 20 = 29.
問題：リアは32個のチョコレートを持っていました、彼女の妹は42個持っていました。彼女達が35個食べたとしたら、全部で何個残っていますか？	ステップごとの答え：リアは32個のチョコレートを持っており、リアの妹は42個持っていた。つまり、元々32+42=74個のチョコレートがあった。35個が食べられた。だから全部で、彼女たちには74-35=39個のチョコレートが残っている。答えは39個。	39	32 + 42 = 74. 74 - 35 = 39.
問題：ショーンは5個のおもちゃを持っています。クリスマスに、彼は父と母からそれぞれ2つずつおもちゃをもらいました。今彼はいくつのおもちゃがありますか？	ステップごとの答え：彼は5個おもちゃを持っています。母から2つもらった後は、5+2=7個のおもちゃがあります。その後父から2つさらにもらい、全部で彼は、7+2=9個のおもちゃがあります。答えは9個です。	9	5 + 2 = 7. 7 + 2 = 9.
"問題：マイケルは58個のゴルフボールを持っています。火曜日、彼は
23個のゴルフボールを失くしました。水曜日、さらに2個失くしました。水曜日の終わりには、彼は何このゴルフボールを持っていましたか？"	ステップごとの答え：マイケルは最初58個のゴルフボールがあり、23個なくしました、だから彼は58-23=35個残っています。彼があと2個なくした後、彼は今35-2=33個残っています。答えは33個です。	33	58 - 23 = 35. 35 - 2 = 33.
問題：オリビアには$23あります。彼女はそれぞれ$3のベーグルを5つ買いました。彼女にはいくらのお金が残っていますか？	ステップごとの答え：$3のベーグルは5個で、5*3=15ドルになるはずです。オリビアは最初$23あったので、今彼女には23-15=8ドル残っています。答えは8です。	8	5 * 3 = 15. 23 - 15 = 8.
問題：ジェイソンは20個の飴を持っています。彼はデニーに飴をいくつかあげました。今、ジェイソンには12個の飴があります。ジェイソンはデニーにいくつ飴をあげましたか？	ステップごとの答え：ジェイソンには最初20個の飴がありましたが、今彼は12個しか持っていません、なので彼はデニーに、20-12=8個の飴をあげました。答えは8です。	8	20 - 12 = 8.
問題：駐車場に3台の車があり、2台の車が到着するとしたら、駐車場には何台の車がありますか？	ステップごとの答え：最初に3台の車があり、さらに2台到着したので、今は3+2で5台の車があるはずです。答えは5です。	5	3 + 2 = 5.
